{
  "version": 1,
  "license": "CC-BY-SA-3.0",
  "copyright": "Made by kieru01 (discord) for Space Station 14 server Мёртвый Космос",
  "size": {
    "x": 32,
    "y": 32
  },
  "states": [
    {
      "name": "broken"
    },
    {
      "name": "implanter0"
    },
    {
      "name": "implanter-inhand-left",
      "directions": 4
    },
    {
      "name": "implanter-inhand-right",
      "directions": 4
    },
    {
      "name": "implanter1"
    }
  ]
}
